Unnamed: 0,Unnamed: 1,Unnamed: 2,Unnamed: 3,Unnamed: 4,Unnamed: 5,Unnamed: 6,Unnamed: 7,Unnamed: 8,Unnamed: 9,Unnamed: 10,Unnamed: 11,Unnamed: 12,Unnamed: 13,Unnamed: 14,Unnamed: 15,Unnamed: 16,Unnamed: 17,Unnamed: 18,Unnamed: 19,Unnamed: 20,Unnamed: 21,Unnamed: 22,Unnamed: 23,Unnamed: 24,Unnamed: 25,Unnamed: 26,Unnamed: 27,Unnamed: 28,Unnamed: 29,Unnamed: 30,Unnamed: 31,Unnamed: 32,Unnamed: 33,Unnamed: 34,Unnamed: 35,Unnamed: 36,Unnamed: 37,Unnamed: 38,Unnamed: 39,Unnamed: 40,Unnamed: 41,Unnamed: 42,Unnamed: 43,Unnamed: 44,Unnamed: 45,Unnamed: 46,Unnamed: 47,Unnamed: 48,Unnamed: 49,Unnamed: 50,Unnamed: 51,Unnamed: 52,Unnamed: 53,Unnamed: 54,Unnamed: 55,Unnamed: 56,Unnamed: 57,Unnamed: 58,Unnamed: 59,Unnamed: 60,Unnamed: 61,Unnamed: 62,Unnamed: 63,Unnamed: 64,Unnamed: 65,Unnamed: 66,Unnamed: 67,Unnamed: 68,Unnamed: 69,Unnamed: 70,Unnamed: 71,Unnamed: 72,Unnamed: 73,Unnamed: 74,Unnamed: 75,Unnamed: 76,Unnamed: 77,Unnamed: 78,Unnamed: 79,Unnamed: 80,Unnamed: 81,Unnamed: 82,Unnamed: 83,Unnamed: 84,Unnamed: 85,Unnamed: 86,Unnamed: 87,Unnamed: 88,Unnamed: 89,Unnamed: 90,Unnamed: 91,Unnamed: 92,Unnamed: 93,Unnamed: 94,Unnamed: 95,Unnamed: 96,Unnamed: 97,Unnamed: 98,Unnamed: 99,Unnamed: 100,Unnamed: 101,Unnamed: 102,Unnamed: 103,Unnamed: 104,Unnamed: 105,Unnamed: 106,Unnamed: 107,Unnamed: 108,Unnamed: 109,Unnamed: 110,Unnamed: 111,Unnamed: 112,Unnamed: 113,Unnamed: 114,Unnamed: 115,Unnamed: 116,Unnamed: 117,Unnamed: 118,Unnamed: 119,Unnamed: 120,Unnamed: 121,Unnamed: 122,Unnamed: 123,Unnamed: 124,Unnamed: 125,Unnamed: 126,Unnamed: 127,Unnamed: 128,Unnamed: 129,Unnamed: 130,Unnamed: 131,Unnamed: 132,Unnamed: 133,Unnamed: 134,Unnamed: 135,Unnamed: 136,Unnamed: 137,Unnamed: 138,Unnamed: 139,Unnamed: 140,Unnamed: 141,Unnamed: 142,Unnamed: 143,Unnamed: 144,Unnamed: 145,Unnamed: 146,Unnamed: 147,Unnamed: 148,Unnamed: 149,Unnamed: 150,Unnamed: 151,Unnamed: 152,Unnamed: 153,Unnamed: 154,Unnamed: 155,Unnamed: 156,Unnamed: 157,Unnamed: 158,Unnamed: 159,Unnamed: 160,Unnamed: 161,Unnamed: 162,Unnamed: 163,Unnamed: 164,Unnamed: 165,Unnamed: 166,Unnamed: 167,Unnamed: 168,Unnamed: 169,Unnamed: 170,Unnamed: 171,Unnamed: 172,Unnamed: 173,Unnamed: 174,Unnamed: 175,Unnamed: 176,Unnamed: 177,Unnamed: 178,Unnamed: 179,Unnamed: 180,Unnamed: 181,Unnamed: 182,Unnamed: 183,Unnamed: 184,Unnamed: 185,Unnamed: 186,Unnamed: 187,Unnamed: 188,Unnamed: 189,Unnamed: 190,Unnamed: 191,Unnamed: 192,Unnamed: 193,Unnamed: 194,Unnamed: 195,Unnamed: 196,Unnamed: 197,Unnamed: 198,Unnamed: 199,Unnamed: 200,Unnamed: 201
,TABLE 28: COMPOSITION OF OUTSTANDING LIABILITIES,,,,,,,,,,,,,,,,,,,,,,,,,,,,,,,,,,,,,,,,,,,,,,,,,,,,,,,,,,,,,,,,,,,,,,,,,,,,,,,,,,,,,,,,,,,,,,,,,,,,,,,,,,,,,,,,,,,,,,,,,,,,,,,,,,,,,,,,,,,,,,,,,,,,,,,,,,,,,,,,,,,,,,,,,,,,,,,,,,,,,,,,,,,,,,,,,,,,,,,,
,(Rs. crore),,,,,,,,,,,,,,,,,,,,,,,,,,,,,,,,,,,,,,,,,,,,,,,,,,,,,,,,,,,,,,,,,,,,,,,,,,,,,,,,,,,,,,,,,,,,,,,,,,,,,,,,,,,,,,,,,,,,,,,,,,,,,,,,,,,,,,,,,,,,,,,,,,,,,,,,,,,,,,,,,,,,,,,,,,,,,,,,,,,,,,,,,,,,,,,,,,,,,,,,
,,1980-81,,,,,,,,,,,,,,,,,,,,1981-82,,,,,,,,,,,,,,,,,,,,1982-83,,,,,,,,,,,,,,,,,,,,1983-84,,,,,,,,,,,,,,,,,,,,1984-85,,,,,,,,,,,,,,,,,,,,1985-86,,,,,,,,,,,,,,,,,,,,1986-87,,,,,,,,,,,,,,,,,,,,1987-88,,,,,,,,,,,,,,,,,,,,1988-89,,,,,,,,,,,,,,,,,,,,1989-90,,,,,,,,,,,,,,,,,,,
,States,SDLs,Power Bonds,Compensation and other Bonds,NSSF,WMA from RBI,Loans from LIC,Loans from GIC,Loans from NABARD,Loans from SBI and other Banks,Loans from NCDC,Loans from other Institutions,Other Loans,Loans from Banks and FIs,Total Internal Debt,Loans and Advances  from Centre,"Provident Funds, etc.",Reserve Funds,Deposit and Advances (Net Balances),Contingency Funds,Outstanding Liabilities,SDLs,Power Bonds,Compensation and other Bonds,NSSF,WMA from RBI,Loans from LIC,Loans from GIC,Loans from NABARD,Loans from SBI and other Banks,Loans from NCDC,Loans from other Institutions,Other Loans,Loans from Banks and FIs,Total Internal Debt,Loans and Advances  from Centre,"Provident Funds, etc.",Reserve Funds,Deposit and Advances (Net Balances),Contingency Funds,Outstanding Liabilities,SDLs,Power Bonds,Compensation and other Bonds,NSSF,WMA from RBI,Loans from LIC,Loans from GIC,Loans from NABARD,Loans from SBI and other Banks,Loans from NCDC,Loans from other Institutions,Other Loans,Loans from Banks and FIs,Total Internal Debt,Loans and Advances  from Centre,"Provident Funds, etc.",Reserve Funds,Deposit and Advances (Net Balances),Contingency Funds,Outstanding Liabilities,SDLs,Power Bonds,Compensation and other Bonds,NSSF,WMA from RBI,Loans from LIC,Loans from GIC,Loans from NABARD,Loans from SBI and other Banks,Loans from NCDC,Loans from other Institutions,Other Loans,Loans from Banks and FIs,Total Internal Debt,Loans and Advances  from Centre,"Provident Funds, etc.",Reserve Funds,Deposit and Advances (Net Balances),Contingency Funds,Outstanding Liabilities,SDLs,Power Bonds,Compensation and other Bonds,NSSF,WMA from RBI,Loans from LIC,Loans from GIC,Loans from NABARD,Loans from SBI and other Banks,Loans from NCDC,Loans from other Institutions,Other Loans,Loans from Banks and FIs,Total Internal Debt,Loans and Advances  from Centre,"Provident Funds, etc.",Reserve Funds,Deposit and Advances (Net Balances),Contingency Funds,Outstanding Liabilities,SDLs,Power Bonds,Compensation and other Bonds,NSSF,WMA from RBI,Loans from LIC,Loans from GIC,Loans from NABARD,Loans from SBI and other Banks,Loans from NCDC,Loans from other Institutions,Other Loans,Loans from Banks and FIs,Total Internal Debt,Loans and Advances  from Centre,"Provident Funds, etc.",Reserve Funds,Deposit and Advances (Net Balances),Contingency Funds,Outstanding Liabilities,SDLs,Power Bonds,Compensation and other Bonds,NSSF,WMA from RBI,Loans from LIC,Loans from GIC,Loans from NABARD,Loans from SBI and other Banks,Loans from NCDC,Loans from other Institutions,Other Loans,Loans from Banks and FIs,Total Internal Debt,Loans and Advances  from Centre,"Provident Funds, etc.",Reserve Funds,Deposit and Advances (Net Balances),Contingency Funds,Outstanding Liabilities,SDLs,Power Bonds,Compensation and other Bonds,NSSF,WMA from RBI,Loans from LIC,Loans from GIC,Loans from NABARD,Loans from SBI and other Banks,Loans from NCDC,Loans from other Institutions,Other Loans,Loans from Banks and FIs,Total Internal Debt,Loans and Advances  from Centre,"Provident Funds, etc.",Reserve Funds,Deposit and Advances (Net Balances),Contingency Funds,Outstanding Liabilities,SDLs,Power Bonds,Compensation and other Bonds,NSSF,WMA from RBI,Loans from LIC,Loans from GIC,Loans from NABARD,Loans from SBI and other Banks,Loans from NCDC,Loans from other Institutions,Other Loans,Loans from Banks and FIs,Total Internal Debt,Loans and Advances  from Centre,"Provident Funds, etc.",Reserve Funds,Deposit and Advances (Net Balances),Contingency Funds,Outstanding Liabilities,SDLs,Power Bonds,Compensation and other Bonds,NSSF,WMA from RBI,Loans from LIC,Loans from GIC,Loans from NABARD,Loans from SBI and other Banks,Loans from NCDC,Loans from other Institutions,Other Loans,Loans from Banks and FIs,Total Internal Debt,Loans and Advances  from Centre,"Provident Funds, etc.",Reserve Funds,Deposit and Advances (Net Balances),Contingency Funds,Outstanding Liabilities
,1,2,3,4,5,6,7,8,9,10,11,12,13,14,15,16,17,18,19,20,21,22,23,24,25,26,27,28,29,30,31,32,33,34,35,36,37,38,39,40,41,42,43,44,45,46,47,48,49,50,51,52,53,54,55,56,57,58,59,60,61,62,63,64,65,66,67,68,69,70,71,72,73,74,75,76,77,78,79,80,81,82,83,84,85,86,87,88,89,90,91,92,93,94,95,96,97,98,99,100,101,102,103,104,105,106,107,108,109,110,111,112,113,114,115,116,117,118,119,120,121,122,123,124,125,126,127,128,129,130,131,132,133,134,135,136,137,138,139,140,141,142,143,144,145,146,147,148,149,150,151,152,153,154,155,156,157,158,159,160,161,162,163,164,165,166,167,168,169,170,171,172,173,174,175,176,177,178,179,180,181,182,183,184,185,186,187,188,189,190,191,192,193,194,195,196,197,198,199,200,201
,I. Non-Special Category,,,,,,,,,,,,,,,,,,,,,,,,,,,,,,,,,,,,,,,,,,,,,,,,,,,,,,,,,,,,,,,,,,,,,,,,,,,,,,,,,,,,,,,,,,,,,,,,,,,,,,,,,,,,,,,,,,,,,,,,,,,,,,,,,,,,,,,,,,,,,,,,,,,,,,,,,,,,,,,,,,,,,,,,,,,,,,,,,,,,,,,,,,,,,,,,,,,,,,,,
,1.Andhra Pradesh,–,–,–,–,–,–,–,–,–,–,–,–,–,314,1360,107,–,–,–,1781,–,–,–,–,–,–,–,–,–,–,–,–,–,373,1470,130,–,–,–,1973,–,–,–,–,–,–,–,–,–,–,–,–,–,440,1639,158,–,–,–,2237,–,–,–,–,–,–,–,–,–,–,–,–,–,564,1793,176,–,–,–,2533,–,–,–,–,–,–,–,–,–,–,–,–,–,774,1999,201,–,–,–,2974,–,–,–,–,–,–,–,–,–,–,–,–,–,735,2538,246,–,–,–,3519,–,–,–,–,–,–,–,–,–,–,–,–,–,875,2809,299,–,–,–,3983,–,–,–,–,–,–,–,–,–,–,–,–,–,1048,3069,404,–,–,–,4521,–,–,–,–,–,–,–,–,–,–,–,–,–,1259,3165,463,–,–,–,4887,–,–,–,–,–,–,–,–,–,–,–,–,–,1499,3567,534,–,–,–,5600
,2.Bihar,–,–,–,–,–,–,–,–,–,–,–,–,–,191,1602,204,–,–,–,1997,–,–,–,–,–,–,–,–,–,–,–,–,–,231,1783,263,–,–,–,2277,–,–,–,–,–,–,–,–,–,–,–,–,–,313,2214,348,–,–,–,2875,–,–,–,–,–,–,–,–,–,–,–,–,–,379,2588,449,–,–,–,3416,–,–,–,–,–,–,–,–,–,–,–,–,–,362,2891,566,–,–,–,3819,–,–,–,–,–,–,–,–,–,–,–,–,–,444,3413,749,–,–,–,4606,–,–,–,–,–,–,–,–,–,–,–,–,–,554,3705,864,–,–,–,5123,–,–,–,–,–,–,–,–,–,–,–,–,–,755,4031,1101,–,–,–,5887,–,–,–,–,–,–,–,–,–,–,–,–,–,988,4454,1360,–,–,–,6802,–,–,–,–,–,–,–,–,–,–,–,–,–,1237,5023,1535,–,–,–,7795
,3.Chhattisgarh,–,–,–,–,–,–,–,–,–,–,–,–,–,–,–,–,–,–,–,–,–,–,–,–,–,–,–,–,–,–,–,–,–,–,–,–,–,–,–,–,–,–,–,–,–,–,–,–,–,–,–,–,–,–,–,–,–,–,–,–,–,–,–,–,–,–,–,–,–,–,–,–,–,–,–,–,–,–,–,–,–,–,–,–,–,–,–,–,–,–,–,–,–,–,–,–,–,–,–,–,–,–,–,–,–,–,–,–,–,–,–,–,–,–,–,–,–,–,–,–,–,–,–,–,–,–,–,–,–,–,–,–,–,–,–,–,–,–,–,–,–,–,–,–,–,–,–,–,–,–,–,–,–,–,–,–,–,–,–,–,–,–,–,–,–,–,–,–,–,–,–,–,–,–,–,–,–,–,–,–,–,–,–,–,–,–,–,–,–,–,–,–,–,–,–,–,–,–,–,–
,4.Goa,–,–,–,–,–,–,–,–,–,–,–,–,–,–,–,–,–,–,–,–,–,–,–,–,–,–,–,–,–,–,–,–,–,–,–,–,–,–,–,–,–,–,–,–,–,–,–,–,–,–,–,–,–,–,–,–,–,–,–,–,–,–,–,–,–,–,–,–,–,–,–,–,–,–,–,–,–,–,–,–,–,–,–,–,–,–,–,–,–,–,–,–,–,–,–,–,–,–,–,–,–,–,–,–,–,–,–,–,–,–,–,–,–,–,–,–,–,–,–,–,–,–,–,–,–,–,–,–,–,–,–,–,–,–,295,6,–,–,–,301,–,–,–,–,–,–,–,–,–,–,–,–,–,–,425,12,–,–,–,437,–,–,–,–,–,–,–,–,–,–,–,–,–,9,543,20,–,–,–,572,–,–,–,–,–,–,–,–,–,–,–,–,–,19,622,30,–,–,–,671
,5.Gujarat,–,–,–,–,–,–,–,–,–,–,–,–,–,282,765,131,–,–,–,1178,–,–,–,–,–,–,–,–,–,–,–,–,–,301,909,148,–,–,–,1358,–,–,–,–,–,–,–,–,–,–,–,–,–,303,1187,176,–,–,–,1666,–,–,–,–,–,–,–,–,–,–,–,–,–,331,1408,211,–,–,–,1950,–,–,–,–,–,–,–,–,–,–,–,–,–,405,1653,258,–,–,–,2316,–,–,–,–,–,–,–,–,–,–,–,–,–,402,2048,301,–,–,–,2751,–,–,–,–,–,–,–,–,–,–,–,–,–,442,2465,339,–,–,–,3246,–,–,–,–,–,–,–,–,–,–,–,–,–,554,3030,395,–,–,–,3979,–,–,–,–,–,–,–,–,–,–,–,–,–,580,3519,425,–,–,–,4524,–,–,–,–,–,–,–,–,–,–,–,–,–,693,4145,497,–,–,–,5335
,6.Haryana,–,–,–,–,–,–,–,–,–,–,–,–,–,147,393,99,–,–,–,639,–,–,–,–,–,–,–,–,–,–,–,–,–,186,451,121,–,–,–,758,–,–,–,–,–,–,–,–,–,–,–,–,–,160,570,147,–,–,–,877,–,–,–,–,–,–,–,–,–,–,–,–,–,210,654,178,–,–,–,1042,–,–,–,–,–,–,–,–,–,–,–,–,–,280,723,216,–,–,–,1219,–,–,–,–,–,–,–,–,–,–,–,–,–,260,941,246,–,–,–,1447,–,–,–,–,–,–,–,–,–,–,–,–,–,285,1064,284,–,–,–,1633,–,–,–,–,–,–,–,–,–,–,–,–,–,295,1153,372,–,–,–,1820,–,–,–,–,–,–,–,–,–,–,–,–,–,343,1217,469,–,–,–,2029,–,–,–,–,–,–,–,–,–,–,–,–,–,416,1354,553,–,–,–,2323
,7.Jharkhand,–,–,–,–,–,–,–,–,–,–,–,–,–,–,–,–,–,–,–,–,–,–,–,–,–,–,–,–,–,–,–,–,–,–,–,–,–,–,–,–,–,–,–,–,–,–,–,–,–,–,–,–,–,–,–,–,–,–,–,–,–,–,–,–,–,–,–,–,–,–,–,–,–,–,–,–,–,–,–,–,–,–,–,–,–,–,–,–,–,–,–,–,–,–,–,–,–,–,–,–,–,–,–,–,–,–,–,–,–,–,–,–,–,–,–,–,–,–,–,–,–,–,–,–,–,–,–,–,–,–,–,–,–,–,–,–,–,–,–,–,–,–,–,–,–,–,–,–,–,–,–,–,–,–,–,–,–,–,–,–,–,–,–,–,–,–,–,–,–,–,–,–,–,–,–,–,–,–,–,–,–,–,–,–,–,–,–,–,–,–,–,–,–,–,–,–,–,–,–,–
,8.Karnataka,–,–,–,–,–,–,–,–,–,–,–,–,–,246,823,120,–,–,–,1189,–,–,–,–,–,–,–,–,–,–,–,–,–,268,902,146,–,–,–,1316,–,–,–,–,–,–,–,–,–,–,–,–,–,293,989,176,–,–,–,1458,–,–,–,–,–,–,–,–,–,–,–,–,–,359,1094,207,–,–,–,1660,–,–,–,–,–,–,–,–,–,–,–,–,–,405,1275,249,–,–,–,1929,–,–,–,–,–,–,–,–,–,–,–,–,–,429,1774,299,–,–,–,2502,–,–,–,–,–,–,–,–,–,–,–,–,–,533,1983,364,–,–,–,2880,–,–,–,–,–,–,–,–,–,–,–,–,–,675,2132,465,–,–,–,3272,–,–,–,–,–,–,–,–,–,–,–,–,–,912,2100,407,–,–,–,3419,–,–,–,–,–,–,–,–,–,–,–,–,–,1044,2475,526,–,–,–,4045
,9.Kerala,–,–,–,–,–,–,–,–,–,–,–,–,–,167,660,181,–,–,–,1008,–,–,–,–,–,–,–,–,–,–,–,–,–,275,606,207,–,–,–,1088,–,–,–,–,–,–,–,–,–,–,–,–,–,251,769,238,–,–,–,1258,–,–,–,–,–,–,–,–,–,–,–,–,–,353,914,314,–,–,–,1581,–,–,–,–,–,–,–,–,–,–,–,–,–,520,955,383,–,–,–,1858,–,–,–,–,–,–,–,–,–,–,–,–,–,374,1382,481,–,–,–,2237,–,–,–,–,–,–,–,–,–,–,–,–,–,466,1496,526,–,–,–,2488,–,–,–,–,–,–,–,–,–,–,–,–,–,604,1616,610,–,–,–,2830,–,–,–,–,–,–,–,–,–,–,–,–,–,718,1495,705,–,–,–,2918,–,–,–,–,–,–,–,–,–,–,–,–,–,928,1654,920,–,–,–,3502
,10.Madhya Pradesh,–,–,–,–,–,–,–,–,–,–,–,–,–,227,1007,359,–,–,–,1593,–,–,–,–,–,–,–,–,–,–,–,–,–,274,1134,429,–,–,–,1837,–,–,–,–,–,–,–,–,–,–,–,–,–,198,1445,529,–,–,–,2172,–,–,–,–,–,–,–,–,–,–,–,–,–,253,1622,646,–,–,–,2521,–,–,–,–,–,–,–,–,–,–,–,–,–,306,1772,742,–,–,–,2820,–,–,–,–,–,–,–,–,–,–,–,–,–,308,2168,841,–,–,–,3317,–,–,–,–,–,–,–,–,–,–,–,–,–,361,2405,983,–,–,–,3749,–,–,–,–,–,–,–,–,–,–,–,–,–,415,2705,1178,–,–,–,4298,–,–,–,–,–,–,–,–,–,–,–,–,–,579,3012,1489,–,–,–,5080,–,–,–,–,–,–,–,–,–,–,–,–,–,661,3356,1717,–,–,–,5734
,11.Maharashtra,–,–,–,–,–,–,–,–,–,–,–,–,–,371,1497,315,–,–,–,2183,–,–,–,–,–,–,–,–,–,–,–,–,–,474,1761,355,–,–,–,2590,–,–,–,–,–,–,–,–,–,–,–,–,–,450,2184,414,–,–,–,3048,–,–,–,–,–,–,–,–,–,–,–,–,–,464,2606,466,–,–,–,3536,–,–,–,–,–,–,–,–,–,–,–,–,–,506,3171,532,–,–,–,4209,–,–,–,–,–,–,–,–,–,–,–,–,–,538,3912,585,–,–,–,5035,–,–,–,–,–,–,–,–,–,–,–,–,–,574,4634,645,–,–,–,5853,–,–,–,–,–,–,–,–,–,–,–,–,–,621,5277,716,–,–,–,6614,–,–,–,–,–,–,–,–,–,–,–,–,–,689,5938,829,–,–,–,7456,–,–,–,–,–,–,–,–,–,–,–,–,–,785,6785,1021,–,–,–,8591
,12.Orissa,–,–,–,–,–,–,–,–,–,–,–,–,–,202,863,111,–,–,–,1176,–,–,–,–,–,–,–,–,–,–,–,–,–,233,950,129,–,–,–,1312,–,–,–,–,–,–,–,–,–,–,–,–,–,260,1082,156,–,–,–,1498,–,–,–,–,–,–,–,–,–,–,–,–,–,302,1236,211,–,–,–,1749,–,–,–,–,–,–,–,–,–,–,–,–,–,389,1321,269,–,–,–,1979,–,–,–,–,–,–,–,–,–,–,–,–,–,476,1508,325,–,–,–,2309,–,–,–,–,–,–,–,–,–,–,–,–,–,553,1633,394,–,–,–,2580,–,–,–,–,–,–,–,–,–,–,–,–,–,663,1831,479,–,–,–,2973,–,–,–,–,–,–,–,–,–,–,–,–,–,766,2000,607,–,–,–,3373,–,–,–,–,–,–,–,–,–,–,–,–,–,976,2224,721,–,–,–,3921
,13.Punjab,–,–,–,–,–,–,–,–,–,–,–,–,–,308,474,92,–,–,–,874,–,–,–,–,–,–,–,–,–,–,–,–,–,424,524,107,–,–,–,1055,–,–,–,–,–,–,–,–,–,–,–,–,–,392,671,132,–,–,–,1195,–,–,–,–,–,–,–,–,–,–,–,–,–,552,740,159,–,–,–,1451,–,–,–,–,–,–,–,–,–,–,–,–,–,486,1109,199,–,–,–,1794,–,–,–,–,–,–,–,–,–,–,–,–,–,509,1734,240,–,–,–,2483,–,–,–,–,–,–,–,–,–,–,–,–,–,346,2179,286,–,–,–,2811,–,–,–,–,–,–,–,–,–,–,–,–,–,373,2975,377,–,–,–,3725,–,–,–,–,–,–,–,–,–,–,–,–,–,344,3783,480,–,–,–,4607,–,–,–,–,–,–,–,–,–,–,–,–,–,387,4575,596,–,–,–,5558
,14.Rajasthan,–,–,–,–,–,–,–,–,–,–,–,–,–,374,1093,115,–,–,–,1582,–,–,–,–,–,–,–,–,–,–,–,–,–,548,1207,139,–,–,–,1894,–,–,–,–,–,–,–,–,–,–,–,–,–,361,1639,190,–,–,–,2190,–,–,–,–,–,–,–,–,–,–,–,–,–,400,1791,251,–,–,–,2442,–,–,–,–,–,–,–,–,–,–,–,–,–,479,1933,344,–,–,–,2756,–,–,–,–,–,–,–,–,–,–,–,–,–,545,2153,420,–,–,–,3118,–,–,–,–,–,–,–,–,–,–,–,–,–,635,2341,525,–,–,–,3501,–,–,–,–,–,–,–,–,–,–,–,–,–,791,2671,678,–,–,–,4140,–,–,–,–,–,–,–,–,–,–,–,–,–,979,3021,673,–,–,–,4673,–,–,–,–,–,–,–,–,–,–,–,–,–,1083,3267,849,–,–,–,5199
,15.Tamil Nadu,–,–,–,–,–,–,–,–,–,–,–,–,–,356,985,74,–,–,–,1415,–,–,–,–,–,–,–,–,–,–,–,–,–,379,1092,90,–,–,–,1561,–,–,–,–,–,–,–,–,–,–,–,–,–,417,1213,136,–,–,–,1766,–,–,–,–,–,–,–,–,–,–,–,–,–,485,1406,154,–,–,–,2045,–,–,–,–,–,–,–,–,–,–,–,–,–,556,1574,175,–,–,–,2305,–,–,–,–,–,–,–,–,–,–,–,–,–,514,1809,217,–,–,–,2540,–,–,–,–,–,–,–,–,–,–,–,–,–,612,2018,264,–,–,–,2894,–,–,–,–,–,–,–,–,–,–,–,–,–,869,2253,323,–,–,–,3445,–,–,–,–,–,–,–,–,–,–,–,–,–,1035,2442,418,–,–,–,3895,–,–,–,–,–,–,–,–,–,–,–,–,–,1305,2775,547,–,–,–,4627
,16.Uttar Pradesh,–,–,–,–,–,–,–,–,–,–,–,–,–,685,2519,273,–,–,–,3477,–,–,–,–,–,–,–,–,–,–,–,–,–,780,2797,317,–,–,–,3894,–,–,–,–,–,–,–,–,–,–,–,–,–,825,3101,404,–,–,–,4330,–,–,–,–,–,–,–,–,–,–,–,–,–,936,3490,489,–,–,–,4915,–,–,–,–,–,–,–,–,–,–,–,–,–,1490,3948,614,–,–,–,6052,–,–,–,–,–,–,–,–,–,–,–,–,–,1509,5068,709,–,–,–,7286,–,–,–,–,–,–,–,–,–,–,–,–,–,1703,5559,796,–,–,–,8058,–,–,–,–,–,–,–,–,–,–,–,–,–,1869,6384,936,–,–,–,9189,–,–,–,–,–,–,–,–,–,–,–,–,–,2376,7027,967,–,–,–,10370,–,–,–,–,–,–,–,–,–,–,–,–,–,2875,8161,1324,–,–,–,12360
,17.West Bengal,–,–,–,–,–,–,–,–,–,–,–,–,–,329,1661,121,–,–,–,2111,–,–,–,–,–,–,–,–,–,–,–,–,–,572,1864,142,–,–,–,2578,–,–,–,–,–,–,–,–,–,–,–,–,–,338,2599,163,–,–,–,3100,–,–,–,–,–,–,–,–,–,–,–,–,–,423,2951,197,–,–,–,3571,–,–,–,–,–,–,–,–,–,–,–,–,–,594,3106,221,–,–,–,3921,–,–,–,–,–,–,–,–,–,–,–,–,–,488,3631,247,–,–,–,4366,–,–,–,–,–,–,–,–,–,–,–,–,–,571,3927,282,–,–,–,4780,–,–,–,–,–,–,–,–,–,–,–,–,–,680,4147,320,–,–,–,5147,–,–,–,–,–,–,–,–,–,–,–,–,–,820,4341,344,–,–,–,5505,–,–,–,–,–,–,–,–,–,–,–,–,–,1007,4941,421,–,–,–,6369
,II. Special Category,,,,,,,,,,,,,,,,,,,,,,,,,,,,,,,,,,,,,,,,,,,,,,,,,,,,,,,,,,,,,,,,,,,,,,,,,,,,,,,,,,,,,,,,,,,,,,,,,,,,,,,,,,,,,,,,,,,,,,,,,,,,,,,,,,,,,,,,,,,,,,,,,,,,,,,,,,,,,,,,,,,,,,,,,,,,,,,,,,,,,,,,,,,,,,,,,,,,,,,,
,1.Arunachal Pradesh,–,–,–,–,–,–,–,–,–,–,–,–,–,–,–,–,–,–,–,–,–,–,–,–,–,–,–,–,–,–,–,–,–,–,–,–,–,–,–,–,–,–,–,–,–,–,–,–,–,–,–,–,–,–,–,–,–,–,–,–,–,–,–,–,–,–,–,–,–,–,–,–,–,–,–,–,–,–,–,–,–,–,–,–,–,–,–,–,–,–,–,–,–,–,–,–,–,–,–,–,–,–,–,–,–,–,–,–,–,–,–,–,–,–,–,–,–,–,–,–,–,–,–,–,–,–,–,–,–,–,–,–,–,–,138,2,–,–,–,140,–,–,–,–,–,–,–,–,–,–,–,–,–,–,174,3,–,–,–,177,–,–,–,–,–,–,–,–,–,–,–,–,–,7,215,9,–,–,–,231,–,–,–,–,–,–,–,–,–,–,–,–,–,13,217,12,–,–,–,242
,2.Assam,–,–,–,–,–,–,–,–,–,–,–,–,–,93,601,39,–,–,–,733,–,–,–,–,–,–,–,–,–,–,–,–,–,102,708,43,–,–,–,853,–,–,–,–,–,–,–,–,–,–,–,–,–,-4,998,47,–,–,–,1041,–,–,–,–,–,–,–,–,–,–,–,–,–,10,1246,60,–,–,–,1316,–,–,–,–,–,–,–,–,–,–,–,–,–,67,1477,71,–,–,–,1615,–,–,–,–,–,–,–,–,–,–,–,–,–,153,1857,68,–,–,–,2078,–,–,–,–,–,–,–,–,–,–,–,–,–,172,2107,68,–,–,–,2347,–,–,–,–,–,–,–,–,–,–,–,–,–,190,2419,82,–,–,–,2691,–,–,–,–,–,–,–,–,–,–,–,–,–,362,2685,123,–,–,–,3170,–,–,–,–,–,–,–,–,–,–,–,–,–,589,3067,147,–,–,–,3803
,3.Himachal Pradesh,–,–,–,–,–,–,–,–,–,–,–,–,–,22,119,49,–,–,–,190,–,–,–,–,–,–,–,–,–,–,–,–,–,53,138,60,–,–,–,251,–,–,–,–,–,–,–,–,–,–,–,–,–,32,190,74,–,–,–,296,–,–,–,–,–,–,–,–,–,–,–,–,–,39,216,87,–,–,–,342,–,–,–,–,–,–,–,–,–,–,–,–,–,39,251,105,–,–,–,395,–,–,–,–,–,–,–,–,–,–,–,–,–,44,312,121,–,–,–,477,–,–,–,–,–,–,–,–,–,–,–,–,–,56,356,138,–,–,–,550,–,–,–,–,–,–,–,–,–,–,–,–,–,71,437,179,–,–,–,687,–,–,–,–,–,–,–,–,–,–,–,–,–,87,513,218,–,–,–,818,–,–,–,–,–,–,–,–,–,–,–,–,–,104,626,269,–,–,–,999
,4.Jammu and Kashmir,–,–,–,–,–,–,–,–,–,–,–,–,–,35,793,58,–,–,–,886,–,–,–,–,–,–,–,–,–,–,–,–,–,46,907,68,–,–,–,1021,–,–,–,–,–,–,–,–,–,–,–,–,–,55,779,88,–,–,–,922,–,–,–,–,–,–,–,–,–,–,–,–,–,75,914,114,–,–,–,1103,–,–,–,–,–,–,–,–,–,–,–,–,–,141,1067,148,–,–,–,1356,–,–,–,–,–,–,–,–,–,–,–,–,–,135,1177,160,–,–,–,1472,–,–,–,–,–,–,–,–,–,–,–,–,–,157,2476,171,–,–,–,2804,–,–,–,–,–,–,–,–,–,–,–,–,–,199,1789,210,–,–,–,2198,–,–,–,–,–,–,–,–,–,–,–,–,–,215,2114,245,–,–,–,2574,–,–,–,–,–,–,–,–,–,–,–,–,–,350,2506,304,–,–,–,3160
,5.Manipur,–,–,–,–,–,–,–,–,–,–,–,–,–,27,46,5,–,–,–,78,–,–,–,–,–,–,–,–,–,–,–,–,–,76,46,6,–,–,–,128,–,–,–,–,–,–,–,–,–,–,–,–,–,29,121,8,–,–,–,158,–,–,–,–,–,–,–,–,–,–,–,–,–,39,126,11,–,–,–,176,–,–,–,–,–,–,–,–,–,–,–,–,–,47,125,15,–,–,–,187,–,–,–,–,–,–,–,–,–,–,–,–,–,48,142,19,–,–,–,209,–,–,–,–,–,–,–,–,–,–,–,–,–,53,137,25,–,–,–,215,–,–,–,–,–,–,–,–,–,–,–,–,–,66,141,29,–,–,–,236,–,–,–,–,–,–,–,–,–,–,–,–,–,82,146,53,–,–,–,281,–,–,–,–,–,–,–,–,–,–,–,–,–,105,159,56,–,–,–,320
,6.Meghalaya,–,–,–,–,–,–,–,–,–,–,–,–,–,13,12,5,–,–,–,30,–,–,–,–,–,–,–,–,–,–,–,–,–,24,16,6,–,–,–,46,–,–,–,–,–,–,–,–,–,–,–,–,–,29,38,7,–,–,–,74,–,–,–,–,–,–,–,–,–,–,–,–,–,32,45,8,–,–,–,85,–,–,–,–,–,–,–,–,–,–,–,–,–,36,52,10,–,–,–,98,–,–,–,–,–,–,–,–,–,–,–,–,–,38,58,11,–,–,–,107,–,–,–,–,–,–,–,–,–,–,–,–,–,41,67,13,–,–,–,121,–,–,–,–,–,–,–,–,–,–,–,–,–,41,78,16,–,–,–,135,–,–,–,–,–,–,–,–,–,–,–,–,–,41,97,19,–,–,–,157,–,–,–,–,–,–,–,–,–,–,–,–,–,44,125,19,–,–,–,188
,7.Mizoram,–,–,–,–,–,–,–,–,–,–,–,–,–,–,–,–,–,–,–,–,–,–,–,–,–,–,–,–,–,–,–,–,–,–,–,–,–,–,–,–,–,–,–,–,–,–,–,–,–,–,–,–,–,–,–,–,–,–,–,–,–,–,–,–,–,–,–,–,–,–,–,–,–,–,–,–,–,–,–,–,–,–,–,–,–,–,–,–,–,–,–,–,–,–,–,–,–,–,–,–,–,–,–,–,–,–,–,–,–,–,–,–,–,–,27,–,–,–,–,27,–,–,–,–,–,–,–,–,–,–,–,–,–,–,107,1,–,–,–,108,–,–,–,–,–,–,–,–,–,–,–,–,–,–,124,3,–,–,–,127,–,–,–,–,–,–,–,–,–,–,–,–,–,8,164,7,–,–,–,179,–,–,–,–,–,–,–,–,–,–,–,–,–,12,188,9,–,–,–,209
,8.Nagaland,–,–,–,–,–,–,–,–,–,–,–,–,–,30,16,19,–,–,–,65,–,–,–,–,–,–,–,–,–,–,–,–,–,42,17,21,–,–,–,80,–,–,–,–,–,–,–,–,–,–,–,–,–,48,45,29,–,–,–,122,–,–,–,–,–,–,–,–,–,–,–,–,–,66,52,36,–,–,–,154,–,–,–,–,–,–,–,–,–,–,–,–,–,61,57,37,–,–,–,155,–,–,–,–,–,–,–,–,–,–,–,–,–,64,76,40,–,–,–,180,–,–,–,–,–,–,–,–,–,–,–,–,–,76,104,44,–,–,–,224,–,–,–,–,–,–,–,–,–,–,–,–,–,96,109,48,–,–,–,253,–,–,–,–,–,–,–,–,–,–,–,–,–,115,115,60,–,–,–,290,–,–,–,–,–,–,–,–,–,–,–,–,–,133,129,70,–,–,–,332
,9.Sikkim,–,–,–,–,–,–,–,–,–,–,–,–,–,1,10,1,–,–,–,12,–,–,–,–,–,–,–,–,–,–,–,–,–,1,12,1,–,–,–,14,–,–,–,–,–,–,–,–,–,–,–,–,–,1,15,1,–,–,–,17,–,–,–,–,–,–,–,–,–,–,–,–,–,2,19,2,–,–,–,23,–,–,–,–,–,–,–,–,–,–,–,–,–,4,22,3,–,–,–,29,–,–,–,–,–,–,–,–,–,–,–,–,–,6,27,3,–,–,–,36,–,–,–,–,–,–,–,–,–,–,–,–,–,9,36,4,–,–,–,49,–,–,–,–,–,–,–,–,–,–,–,–,–,12,42,6,–,–,–,60,–,–,–,–,–,–,–,–,–,–,–,–,–,23,47,10,–,–,–,80,–,–,–,–,–,–,–,–,–,–,–,–,–,34,67,12,–,–,–,113
,10.Tripura,–,–,–,–,–,–,–,–,–,–,–,–,–,23,21,13,–,–,–,57,–,–,–,–,–,–,–,–,–,–,–,–,–,29,26,14,–,–,–,69,–,–,–,–,–,–,–,–,–,–,–,–,–,30,62,21,–,–,–,113,–,–,–,–,–,–,–,–,–,–,–,–,–,44,70,27,–,–,–,141,–,–,–,–,–,–,–,–,–,–,–,–,–,53,80,27,–,–,–,160,–,–,–,–,–,–,–,–,–,–,–,–,–,62,87,30,–,–,–,179,–,–,–,–,–,–,–,–,–,–,–,–,–,72,97,31,–,–,–,200,–,–,–,–,–,–,–,–,–,–,–,–,–,84,110,48,–,–,–,242,–,–,–,–,–,–,–,–,–,–,–,–,–,99,139,56,–,–,–,294,–,–,–,–,–,–,–,–,–,–,–,–,–,118,202,74,–,–,–,394
,11.Uttarakhand,–,–,–,–,–,–,–,–,–,–,–,–,–,–,–,–,–,–,–,–,–,–,–,–,–,–,–,–,–,–,–,–,–,–,–,–,–,–,–,–,–,–,–,–,–,–,–,–,–,–,–,–,–,–,–,–,–,–,–,–,–,–,–,–,–,–,–,–,–,–,–,–,–,–,–,–,–,–,–,–,–,–,–,–,–,–,–,–,–,–,–,–,–,–,–,–,–,–,–,–,–,–,–,–,–,–,–,–,–,–,–,–,–,–,–,–,–,–,–,–,–,–,–,–,–,–,–,–,–,–,–,–,–,–,–,–,–,–,–,–,–,–,–,–,–,–,–,–,–,–,–,–,–,–,–,–,–,–,–,–,–,–,–,–,–,–,–,–,–,–,–,–,–,–,–,–,–,–,–,–,–,–,–,–,–,–,–,–,–,–,–,–,–,–,–,–,–,–,–,–
,All States,–,–,–,–,–,–,–,–,–,–,–,–,–,4443,17320,2491,–,–,–,24254,–,–,–,–,–,–,–,–,–,–,–,–,–,5691,19320,2942,–,–,–,27953,–,–,–,–,–,–,–,–,–,–,–,–,–,5221,23550,3642,–,–,–,32413,–,–,–,–,–,–,–,–,–,–,–,–,–,6318,26981,4453,–,–,–,37752,–,–,–,–,–,–,–,–,–,–,–,–,–,8000,30561,5385,–,–,–,43946,–,–,–,–,–,–,–,–,–,–,–,–,–,8081,37842,6358,–,–,–,52281,–,–,–,–,–,–,–,–,–,–,–,–,–,9146,44138,7354,–,–,–,60638,–,–,–,–,–,–,–,–,–,–,–,–,–,10971,49122,8990,–,–,–,69083,–,–,–,–,–,–,–,–,–,–,–,–,–,13436,54292,10456,–,–,–,78184,–,–,–,–,–,–,–,–,–,–,–,–,–,16417,62210,12763,–,–,–,91390
,Memo item:,,,,,,,,,,,,,,,,,,,,,,,,,,,,,,,,,,,,,,,,,,,,,,,,,,,,,,,,,,,,,,,,,,,,,,,,,,,,,,,,,,,,,,,,,,,,,,,,,,,,,,,,,,,,,,,,,,,,,,,,,,,,,,,,,,,,,,,,,,,,,,,,,,,,,,,,,,,,,,,,,,,,,,,,,,,,,,,,,,,,,,,,,,,,,,,,,,,,,,,,
,1.NCT Delhi,–,–,–,–,–,–,–,–,–,–,–,–,–,–,–,–,–,–,–,–,–,–,–,–,–,–,–,–,–,–,–,–,–,–,–,–,–,–,–,–,–,–,–,–,–,–,–,–,–,–,–,–,–,–,–,–,–,–,–,–,–,–,–,–,–,–,–,–,–,–,–,–,–,–,–,–,–,–,–,–,–,–,–,–,–,–,–,–,–,–,–,–,–,–,–,–,–,–,–,–,–,–,–,–,–,–,–,–,–,–,–,–,–,–,–,–,–,–,–,–,–,–,–,–,–,–,–,–,–,–,–,–,–,–,–,–,–,–,–,–,–,–,–,–,–,–,–,–,–,–,–,–,–,–,–,–,–,–,–,–,–,–,–,–,–,–,–,–,–,–,–,–,–,–,–,–,–,–,–,–,–,–,–,–,–,–,–,–,–,–,–,–,–,–,–,–,–,–,–,–
,2.Puducherry,–,–,–,–,–,–,–,–,–,–,–,–,–,–,–,–,–,–,–,–,–,–,–,–,–,–,–,–,–,–,–,–,–,–,–,–,–,–,–,–,–,–,–,–,–,–,–,–,–,–,–,–,–,–,–,–,–,–,–,–,–,–,–,–,–,–,–,–,–,–,–,–,–,–,–,–,–,–,–,–,–,–,–,–,–,–,–,–,–,–,–,–,–,–,–,–,–,–,–,–,–,–,–,–,–,–,–,–,–,–,–,–,–,–,–,–,–,–,–,–,–,–,–,–,–,–,–,–,–,–,–,–,–,–,–,–,–,–,–,–,–,–,–,–,–,–,–,–,–,–,–,–,–,–,–,–,–,–,–,–,–,–,–,–,–,–,–,–,–,–,–,–,–,–,–,–,–,–,–,–,–,–,–,–,–,–,–,–,–,–,–,–,–,–,–,–,–,–,–,–
,See 'Notes on Tables'.,,,,,,,,,,,,,,,,,,,,,,,,,,,,,,,,,,,,,,,,,,,,,,,,,,,,,,,,,,,,,,,,,,,,,,,,,,,,,,,,,,,,,,,,,,,,,,,,,,,,,,,,,,,,,,,,,,,,,,,,,,,,,,,,,,,,,,,,,,,,,,,,,,,,,,,,,,,,,,,,,,,,,,,,,,,,,,,,,,,,,,,,,,,,,,,,,,,,,,,,
